name,age,course
Matthias,1,Valaree
Leah,2,Charisse
Carlie,3,Clemmy
Lonee,4,Engracia
Mabel,5,Thedric
Lorry,6,Annabal
Saxe,7,Herold
Amii,8,Philbert
Joellen,9,Jerry
Rebecka,10,Faulkner
Patricia,11,Berry
Alaric,12,Kathleen
Madeline,13,Christalle
Betsey,14,Johnath
Matthus,15,Reinaldo
Aubry,16,Stephenie
Alyss,17,Alaine
L;urette,18,Saloma
Chandal,19,Alfy
Maryanna,20,Grady
Nikkie,21,Dania
Wandie,22,Mehetabel
Reg,23,Kimbell
Lorianne,24,Gilburt
Anett,25,Ricoriki
Joshua,26,Aggi
Willie,27,Chickie
Paule,28,Georgianne
Alice,29,Wilona
Ermengarde,30,Alena
Silvan,31,Dionis
Lonnie,32,Carmelle
Ingrim,33,Justine
Stavros,34,Cleveland
Twila,35,April
Deina,36,Mariele
Erwin,37,Jethro
Ferdinande,38,Charmain
Henriette,39,Elle
Tania,40,Juliet
Agustin,41,Barbara-anne
Tracey,42,Cart
Lissie,43,Ailsun
Malcolm,44,Tani
Marylee,45,Steffen
Shep,46,Jessi
Tyler,47,Nikolas
Maxim,48,Grenville
Claudette,49,Lowell
Johnny,50,Ulberto
Benedicto,51,Caprice
Dian,52,Michaela
Walliw,53,Sharline
Farrah,54,Hedy
Joan,55,Nealy
Charmaine,56,Ellis
Stafford,57,Bibbie
Selena,58,Bria
Luci,59,Henrieta
Chandal,60,Consalve
Georgie,61,Drucie
Vernor,62,Nari
Rey,63,Marilin
Edgard,64,Dewey
Bartholemy,65,Baxie
Ira,66,Rebbecca
Wiatt,67,Barbie
Scottie,68,Page
Ewen,69,Demetri
Nickey,70,Gilly
Arturo,71,Jess
Helaine,72,Charissa
Sal,73,Laurie
Currie,74,Andrej
Maximilianus,75,Lorrie
Deonne,76,Claudette
Evyn,77,Rodd
Suzanne,78,Gerome
Tedra,79,Luci
Maiga,80,Perice
Sarge,81,Kinnie
Danell,82,Daren
Mauricio,83,Ailene
Auberon,84,Dolph
Wesley,85,Arni
Nedi,86,Wren
Whittaker,87,Breanne
Coreen,88,Idette
Cheryl,89,Dorey
Carmelita,90,Lewes
Nevin,91,Jean
Finley,92,Marisa
Alexi,93,Kimberley
Stan,94,Maiga
Chip,95,Alec
Celisse,96,Damaris
Charmine,97,Roderigo
Rock,98,Granger
Annadiane,99,Halsy
Elli,100,Derek
Joshua,101,Leora
Glen,102,Martainn
Belle,103,Klement
Lenard,104,Tiena
Appolonia,105,Donnie
Katherina,106,Christalle
Constance,107,Burk
Zonda,108,Alain
Dorri,109,Sula
Nerte,110,Coriss
Hulda,111,Xylia
Saunder,112,Lindsay
Lowell,113,Abbie
Jemie,114,Babara
Lynde,115,Lorilee
Jennee,116,Richmound
Jillian,117,Alix
Joelle,118,Dalston
Zane,119,Johann
Yolane,120,Fowler
Bert,121,Sheffy
Curtis,122,James
Nona,123,Robbyn
Harriot,124,Ginnie
Orsola,125,Joannes
Cosetta,126,Noel
Boycey,127,Tann
Nona,128,Blanche
Dimitri,129,Padriac
Arnold,130,Minor
Frederique,131,Clayborn
Susann,132,Marco
Marlane,133,Gail
Melisande,134,Fred
Kareem,135,Becka
Helaina,136,Evanne
Gabrila,137,Thorstein
Jerrilyn,138,Gianna
Reginauld,139,Ulysses
Syd,140,Carlie
Fayth,141,Domeniga
Mace,142,Branden
Datha,143,Ortensia
Merry,144,Charley
Leicester,145,Jenelle
Alika,146,Theodore
Vivianna,147,Dniren
Kissee,148,Annadiana
Lila,149,Ardelis
Daryn,150,Tiebout
Carla,151,Moyra
Myca,152,Martica
Junie,153,Leland
Aggi,154,Anderson
Elizabet,155,Lorraine
Glenda,156,Margaux
Syman,157,Indira
Patric,158,Imelda
Lucinda,159,Margo
Xylina,160,Willabella
Megan,161,Shelly
Alaster,162,Pansy
Coralie,163,Wilt
Gothart,164,Molly
Frederica,165,Lauren
Carmencita,166,Gus
Fairleigh,167,Fallon
Launce,168,Fancy
Alicia,169,Josephina
Charissa,170,Bessie
Flemming,171,Katinka
Aubry,172,Kasey
Miltie,173,Dot
Maude,174,Creigh
Duane,175,Randall
Natalie,176,Stephannie
Rosanna,177,Emmery
Paulie,178,Carrissa
Darci,179,Elana
Alphard,180,Roxie
Chelsy,181,Ardelis
Livvy,182,Dom
Franciskus,183,Amity
Bobby,184,Heddie
Barney,185,Antonetta
Michel,186,Anna-diana
Gideon,187,Manon
Harmonia,188,Cookie
Ivonne,189,Tersina
Gennifer,190,Titus
Marga,191,Man
Der,192,Fredrika
North,193,Tracey
Welsh,194,Consuela
Jonell,195,Alistair
Fee,196,Lisabeth
Roger,197,Filmore
Avram,198,Cornelius
Geraldine,199,Lucina
Iorgos,200,Bent
Ginnifer,201,Kass
Sandye,202,Romona
Jammal,203,Bennett
Bord,204,Morty
Daron,205,Madelon
Kaylee,206,Yorke
Elwyn,207,Erin
Ariana,208,Gladi
Stearne,209,Pietra
Lorilyn,210,Ade
Lolita,211,Jamison
Ozzie,212,Flory
Sanders,213,Augie
Sibyl,214,Zelma
Zulema,215,Bartlett
Aleece,216,Johannah
Janeczka,217,Teri
Ambrosi,218,Britt
Kylila,219,Nelia
Carley,220,Filbert
Leah,221,Delaney
Novelia,222,Yetty
Kermie,223,Kliment
Barnebas,224,Jolee
Chrystel,225,Shawna
Bond,226,Denni
Arron,227,Doralia
Abra,228,Carolina
Carline,229,Sari
Kalie,230,Koralle
Trula,231,Christabella
Stillmann,232,Alyce
Jess,233,Godfrey
Rory,234,Idelle
Velvet,235,Miquela
Rorie,236,Ann
Andras,237,Tanny
Auberta,238,Barnie
Melvyn,239,Stephenie
Dwain,240,Kaleb
Derrik,241,Donnamarie
Hally,242,Dennie
Erin,243,Averyl
Cora,244,Ronnica
Gianina,245,Ilysa
Sanders,246,Josefina
Darda,247,Michaela
Veda,248,Lyn
Neila,249,Caryn
Devland,250,Gerianna
Charin,251,Charlotta
Beniamino,252,Nellie
Ferrel,253,Delmer
Garner,254,Amalea
Carolee,255,Ula
Jilli,256,Agretha
Clarie,257,Stevy
Thain,258,Alexandra
Moe,259,Della
Denise,260,Klarika
Marj,261,Thom
Aarika,262,Kalvin
Cordy,263,Anica
Karlyn,264,Clyde
Dael,265,Cale
Lorrie,266,Lois
Gaile,267,Averil
Leonerd,268,Theo
Chev,269,Johnny
Robert,270,Hillel
Boycie,271,Ronica
Alli,272,Moss
Glad,273,Minetta
Jere,274,Consuelo
Myron,275,Caryl
Jammie,276,Lyndsie
Patten,277,Iosep
Angele,278,Lorilyn
Vere,279,Sabina
Sheryl,280,Leisha
Nichols,281,Mellisent
Bonnee,282,Maxine
Verna,283,Borden
Carline,284,Wandie
Alikee,285,Hendrika
Eunice,286,Deina
Erma,287,Rosette
Olvan,288,Eberhard
Valli,289,Mord
Aviva,290,Edythe
Barny,291,Rainer
Oliviero,292,Mic
Christy,293,Angela
Shaylynn,294,Natala
Minor,295,Con
Glennie,296,Rafa
Keelby,297,Martita
Morgen,298,Dolorita
Courtenay,299,Rois
Jacky,300,Papagena
Jenica,301,Reg
Pace,302,Kinna
Lorant,303,Dawn
Rubin,304,Horst
Vanya,305,Devinne
Neda,306,Ad
Arny,307,Zorine
Val,308,Carling
Guthry,309,Ervin
Yves,310,Lark
Harvey,311,Otha
Nettle,312,Thain
Lydie,313,Hobie
Gayelord,314,Shoshana
Darrel,315,Piggy
Lynette,316,Fanchon
Lida,317,Reidar
Missy,318,Colly
Findley,319,Tiertza
Dido,320,Jean
Dag,321,Annelise
Karlan,322,Hyacinthie
Morten,323,Wolfie
Keefer,324,Cris
Ripley,325,Jonell
Lee,326,Brooks
Dareen,327,Clotilda
Basilio,328,Torin
Silvanus,329,Susette
Jelene,330,Honor
Audi,331,Allyn
Renault,332,Valle
Kippie,333,Kienan
Winn,334,Reinhold
Cherice,335,Maddalena
Zea,336,Aggi
Melonie,337,Bruno
Adrianne,338,Ellene
Rik,339,Ambrose
Karmen,340,Bale
Mickey,341,Vernon
Odella,342,Trudey
Jermaine,343,Isa
Beatrisa,344,Jimmy
Franny,345,Munroe
Aeriell,346,Marcelo
Jacklin,347,Merrie
Junia,348,Raddy
Saunder,349,Lockwood
Arnuad,350,Anstice
Curr,351,Kristofer
Matthieu,352,Christel
Gay,353,Ruthann
Lind,354,Rosaleen
Keriann,355,Marya
Charissa,356,Kaela
Isaak,357,Pierson
Constancy,358,Abe
Terencio,359,Zora
Lottie,360,Justinian
Ethelind,361,Hilton
Ciro,362,Scarlet
Talbot,363,Selby
Kippy,364,Lorilee
Mariana,365,Elora
Babette,366,Alexandro
Silvester,367,Jermain
Dana,368,Alexandre
Inness,369,Alberto
Sissie,370,De
Karina,371,Wat
Kippar,372,Pepillo
Luigi,373,Nickolas
Prudy,374,Antonietta
Guss,375,Thatch
Allix,376,Almira
Banky,377,Gwyneth
Henry,378,Henderson
Yank,379,Clive
Jim,380,Eb
Horatio,381,Corena
Dallas,382,Chev
Jazmin,383,Dyane
Sherline,384,Brinn
Kipp,385,Daisie
Fawne,386,Shir
Zonda,387,Parnell
Sheilah,388,Melessa
Joelle,389,Joella
Robbie,390,Isabel
Ingelbert,391,Mariana
Florencia,392,Milzie
Ian,393,Mathilda
Erin,394,Sheilah
Shandra,395,Archie
Allyn,396,Rona
Cordelia,397,Bronny
Sarene,398,Jennifer
Cassandry,399,Udale
Marlene,400,Kerby
Sarge,401,Emili
Charisse,402,Fabio
Arluene,403,Althea
Pattin,404,Raynard
Basilius,405,Keefe
Delcina,406,Eveleen
Sephira,407,Meghan
Giorgi,408,Dominique
Minette,409,Kara-lynn
Des,410,Oren
Karola,411,Lynnet
Brew,412,Cullen
Shermie,413,Toddie
Patrick,414,Findley
Gertruda,415,Jaime
Esther,416,Ken
Cariotta,417,Fredi
Jannel,418,Kerby
Katuscha,419,Blake
Franzen,420,Jen
Nicolina,421,Valentijn
Silvanus,422,Nedda
Sanford,423,Aleen
Terence,424,Alphonso
Ty,425,Odelinda
Delcine,426,Carolynn
Bevvy,427,Magda
Heinrik,428,Chicky
Alfredo,429,Humfrey
Christyna,430,Chaunce
Addie,431,Hervey
Walton,432,Joellen
Marlow,433,Herculie
Haze,434,Una
Mikey,435,Stephie
Darren,436,Dominica
Tony,437,Leeland
Nanete,438,Kimmy
Corabel,439,Loralee
Nollie,440,Lammond
Stafford,441,Darrell
Biddie,442,Eada
Berny,443,Sunshine
Eyde,444,Morley
Conant,445,Tansy
Niki,446,Zahara
Ulises,447,Gary
Evelyn,448,Sayre
Karita,449,Gibby
Ezechiel,450,Sarene
Dicky,451,Kiley
Virge,452,Nicky
Christin,453,Shirleen
Koo,454,Roxi
Urbano,455,Leroy
Ax,456,Lona
Lisha,457,Karlotte
West,458,Kelley
Arne,459,Charmian
Marshal,460,Ogden
Jennica,461,Danni
Calli,462,Willyt
Reuven,463,Jerrold
Les,464,Reinhold
Garik,465,Hernando
Lee,466,Anallese
Laney,467,Winnah
Adolphe,468,Glenn
Staford,469,Dorice
Gilligan,470,Bobette
Cynthia,471,Nial
Vida,472,Rick
Jamesy,473,Joann
Johannes,474,Abbot
Harmonia,475,Lynnett
Ronald,476,Quentin
Neysa,477,Gerik
Sheffield,478,Ermanno
Lilly,479,Gaylord
Read,480,Pip
Clerc,481,Malory
Caril,482,Charin
Dosi,483,Idell
Binni,484,Micheil
Jeremy,485,Herbert
Leandra,486,Kimberly
Ronda,487,June
Garvy,488,Fifi
Lionello,489,Allene
Mannie,490,Matthus
Rabbi,491,Abey
Laurie,492,Karina
Boonie,493,Maxie
Gennie,494,Ansell
Ezekiel,495,Anders
Caria,496,Miguelita
Jackelyn,497,Emmit
Alison,498,Ransell
Spenser,499,Gelya
Chariot,500,Trev
Fabien,501,Bryna
Bart,502,Nollie
Alecia,503,Steward
Cletus,504,Madison
Kristian,505,Corabel
Ali,506,Dareen
Tierney,507,Benson
Frederique,508,Theadora
Barde,509,Tammy
Vikky,510,Cass
Carmen,511,Lew
Katrinka,512,Samuele
Caroljean,513,Leigh
Tamas,514,Yves
Margaux,515,Marlo
Vinnie,516,Celinda
Ebeneser,517,Godard
Natalie,518,Web
Candy,519,Michaelina
Mac,520,Geralda
Siusan,521,Ashley
Ahmed,522,Christian
Dari,523,Nike
Carmella,524,Harmonie
Hubert,525,Bucky
Ronna,526,Genna
Manny,527,Shurlocke
Rora,528,Ulberto
Karissa,529,Phylys
Ragnar,530,Tiffany
Doll,531,Mignon
Sal,532,Job
Haily,533,Pearline
Meris,534,Beaufort
Lorine,535,Eugenio
Oralia,536,Terrel
Gretal,537,Jared
Terencio,538,Delinda
Yoko,539,Dalia
Dan,540,Starr
Toddy,541,Dianemarie
Aleen,542,Augustin
Feodor,543,Elliott
Darla,544,Jorie
Jecho,545,Petronille
Gus,546,Minnaminnie
Cory,547,Delainey
Purcell,548,Fredrika
Joellen,549,Rebecka
Katine,550,Arne
Hillel,551,Udall
Linn,552,Jakie
Wit,553,Ami
Stormi,554,Dulcia
Kizzie,555,Catherin
Solomon,556,Timmi
Helga,557,Anneliese
Donn,558,Eliot
Caye,559,Jone
Arabele,560,Jordain
Misty,561,Julienne
Orion,562,Gavin
Goldarina,563,Burtie
Nadeen,564,Kenny
Aurelea,565,Basile
Ximenes,566,Audie
Sutton,567,Harv
Nicola,568,Paddie
Elyssa,569,Hillery
Nickola,570,Lebbie
Candace,571,Garey
Millicent,572,Almeda
Leonanie,573,Felicia
Mark,574,Koenraad
Danyette,575,Verla
Helyn,576,Agathe
Orin,577,Carson
Laure,578,Clayson
Millisent,579,Krystyna
Odie,580,Nichole
Ellie,581,Rosanna
L;urette,582,Maryl
Winona,583,Alvin
Katee,584,Vera
Alicia,585,Melinde
Hussein,586,Mureil
Alisun,587,Nikolai
Rodi,588,Frieda
Pip,589,Codi
Edsel,590,Sergent
Moore,591,Janis
Shena,592,Emlynn
Hendrika,593,Rodge
Jacquenetta,594,Cale
Moll,595,Issie
Evania,596,Kaia
Nickolai,597,Vidovik
Elicia,598,Miran
Buddy,599,Nissa
Devan,600,Berny
Cari,601,Lynnelle
Laurent,602,Burch
Quinton,603,Talyah
Yasmeen,604,Jo
Darla,605,Giorgia
Mollie,606,Coletta
Bradan,607,Aldon
Michel,608,Robinet
Lexi,609,Nikkie
Clerc,610,Marketa
Ada,611,Jeni
Aguistin,612,Westleigh
Daven,613,Francisco
Eliot,614,Coleen
Boyce,615,Hakim
Cherlyn,616,Sebastien
Constanta,617,Eugene
Cob,618,Mayer
Devlen,619,Tonnie
Lina,620,Ossie
Griffie,621,Nero
Walden,622,Ediva
Nanny,623,Weber
Mitchel,624,Daile
Dusty,625,Justino
Giraud,626,Sinclare
Zitella,627,Jorie
Kurt,628,Dalston
Ivette,629,Hazel
Aube,630,Moselle
Ertha,631,Kriste
Bobinette,632,Myrilla
Ettie,633,Roanne
Rayna,634,Gifford
Konstanze,635,Chiquita
Lynn,636,Livia
Ev,637,Philly
Geno,638,Vivie
Mariquilla,639,Richardo
Jamesy,640,Florian
Lorna,641,Harv
Mercy,642,Orella
Jan,643,Hamish
Alix,644,Prinz
Granville,645,Harp
Carolus,646,Shanie
Teddi,647,Sheri
Flore,648,Arleyne
Aime,649,Minnnie
Galven,650,Othella
Jennie,651,Marketa
Syd,652,Fernande
Rozanna,653,Terrance
Dorothy,654,Elana
Tanner,655,Arluene
Willard,656,Corly
Burnard,657,Hadria
Bell,658,Leontyne
Eduardo,659,Carly
Ramon,660,Jerrilee
Kaitlyn,661,Rees
Ingmar,662,Linnea
Trude,663,Kim
Sibby,664,Sheffy
Charles,665,Marlowe
Nickolai,666,Herschel
Eadith,667,Filberte
Rania,668,Karalynn
Tallia,669,Elicia
Stacee,670,Ana
Benjie,671,Sloane
Lonnard,672,Foster
Clem,673,Morie
Dick,674,Sauveur
Barnett,675,Niki
Ninette,676,Heather
Park,677,Xever
Adena,678,Yovonnda
Loni,679,Imogene
Bertie,680,Hazel
Desiree,681,Aeriel
Lucine,682,Jaquenette
Richardo,683,Hamid
Ludvig,684,Noemi
Arv,685,Nye
Michell,686,Martin
Brynne,687,Kinnie
Randy,688,Ahmed
Ceciley,689,Kathryn
Pauletta,690,Shirlene
Dominica,691,Connor
Querida,692,Anderea
Tine,693,Gerri
Rois,694,Amby
Editha,695,Bekki
Wendeline,696,Kingsley
Keefer,697,Reilly
Warner,698,Meriel
Adel,699,Roland
Bambi,700,Tanitansy
Lukas,701,Chandler
Marguerite,702,Marylinda
Ricoriki,703,Julina
Marcile,704,Durward
Giulio,705,Mahala
Lucinda,706,Winni
Noni,707,Jess
Irvin,708,Bowie
Douglass,709,Ignace
Clem,710,Annnora
Sophia,711,Jeffy
Bil,712,Josiah
Beverley,713,Marlow
Averil,714,Lucien
Emalee,715,Arni
Merry,716,Torrie
Jule,717,Vivienne
Pier,718,Emmett
Rufe,719,Gino
Farlie,720,Johnny
Aurelie,721,Adel
Cristiano,722,Brita
Barty,723,Arabelle
Giles,724,Shalom
Rafferty,725,Giustino
Lezley,726,Borg
Vilhelmina,727,Simon
Eugine,728,Lorant
June,729,Lyman
Christos,730,Bettye
Dan,731,Samson
Amber,732,Creighton
Linda,733,Karlotte
Wendie,734,Lissa
Eal,735,Rhiamon
Caty,736,Dannie
Kaile,737,Alethea
Cammie,738,Theobald
Magda,739,Christie
Cordey,740,Josey
Sherm,741,Ursula
Tasia,742,Karine
Teodoro,743,Lilyan
Stanleigh,744,Robinetta
Flossy,745,Midge
Roselle,746,Collin
Ruggiero,747,Berty
Tasha,748,Chen
Josefina,749,Elbert
Orin,750,Rochelle
Etan,751,Farlay
Gena,752,Janine
Julianne,753,Madelyn
Parker,754,Torey
Murry,755,Mirelle
Neill,756,Denny
Vivie,757,Conrado
Benson,758,Clevie
Bernie,759,Henka
Elle,760,Lydie
Garv,761,Ted
Christiana,762,Mindy
Felicio,763,Bernete
Jacklin,764,Marylee
Sigismundo,765,Sean
Chane,766,Loren
Barnett,767,Vanessa
Dinny,768,Gilly
Kerri,769,Chadwick
Twila,770,Sephira
Mina,771,Faustina
Joyan,772,Mychal
Gan,773,Nealson
Geri,774,Ruthanne
Nanette,775,Morris
Griffy,776,Karel
Anatola,777,Sherlock
Shoshana,778,Kelly
Ailsun,779,Tally
Moyna,780,Allyn
Teddy,781,Yard
Celestia,782,Nealon
Bondie,783,Bryn
Elwood,784,Dalia
Hilario,785,Eloisa
Caresse,786,Jorrie
Merv,787,Catrina
Donovan,788,Kaia
Jeramie,789,Tallie
Ray,790,Conn
Lyn,791,Nick
Lesya,792,Rancell
Clare,793,Mohandis
Teodoro,794,Aube
Frazer,795,Haily
Dag,796,Hussein
Vincenty,797,Lena
Alys,798,Bill
Tobin,799,Bert
Arliene,800,Lauree
Jemima,801,Pooh
Marcello,802,Dudley
Edgar,803,Cornie
Gilbertine,804,Correy
Rosana,805,Thorpe
Liliane,806,Garek
Margareta,807,Thorndike
Rosana,808,Venus
Norma,809,Wendye
Aubrie,810,Mathilda
Myrilla,811,Zelma
Doralin,812,Giorgi
Edeline,813,Eduard
Wallie,814,Amabelle
Riccardo,815,Barbee
Lowrance,816,Francesca
Nina,817,Jannelle
Sollie,818,Stephi
Feliza,819,Nicko
Celesta,820,Rebekkah
Kara-lynn,821,Michel
Clem,822,Pauline
Marrissa,823,Alfi
Horatius,824,Tomi
Cash,825,Abby
Caria,826,Moll
Redford,827,Levi
Flinn,828,Jacklyn
Corabelle,829,Rodina
Rikki,830,Loree
Beth,831,Glyn
Rudy,832,Alberik
Marylin,833,Saba
Rhetta,834,Romola
Sax,835,Westley
Mariele,836,Noach
Cathrine,837,Helenka
Max,838,Alwyn
Janis,839,Darleen
Cecily,840,Silvanus
Klarika,841,Darby
Guglielmo,842,Antonius
Cornela,843,Raven
Yevette,844,Matti
Robinet,845,Collin
Matthiew,846,Pyotr
Ardelle,847,Malanie
Franzen,848,Gaye
Antonino,849,Rowen
Marja,850,Gayle
Oran,851,Aigneis
Sisile,852,Humfried
Isabeau,853,Thea
Coleman,854,Gorden
Lind,855,Cchaddie
Easter,856,Lauree
Sibbie,857,Teddi
Francesco,858,Hermia
Saul,859,Theodoric
Nobe,860,Rosie
Levi,861,Noellyn
Gayle,862,Bogey
Boris,863,Ambur
Jareb,864,Priscilla
Kizzee,865,Bamby
Smitty,866,Berti
Eda,867,Stanislas
Demetris,868,Elenore
Antony,869,Merrile
Leigh,870,Sarge
Deny,871,Jen
Florence,872,Bobbe
Veronika,873,Mendel
Melanie,874,Karlen
Jolee,875,Rourke
Yankee,876,Faulkner
Freddy,877,Kendell
Cordy,878,Cobby
Bradley,879,Ingaborg
Conan,880,Sylas
Nina,881,Rorke
Dukie,882,Peta
Hersch,883,Cosme
Josy,884,Bastian
Bobbi,885,Kalvin
Viviyan,886,Reuven
Elspeth,887,Neile
Yorgo,888,Adel
Nicholas,889,Ilyse
Leila,890,Cristi
Dorita,891,Margarita
Clayborne,892,Katina
Doria,893,Elinor
Ros,894,Sallyann
Raina,895,Luigi
Bearnard,896,Janos
Guenevere,897,Angy
Waldo,898,Audie
Sydel,899,Louis
Stevy,900,Raff
Taffy,901,Kathi
Ilsa,902,Sidonnie
Kath,903,Saree
Veronica,904,Orelia
Lizette,905,Cordelia
Rafaelia,906,Cathrine
Jeremias,907,Scarface
Irv,908,Chad
Alica,909,Traver
Nettle,910,Johannes
Janeta,911,Burgess
Nickolaus,912,Georgianna
Lanna,913,Olenolin
Francisco,914,Granville
Cozmo,915,Hastie
Bailie,916,Vickie
Noah,917,Derby
Gill,918,Bess
Derron,919,Gaylord
Tyrone,920,Kynthia
Allsun,921,Rikki
Jamima,922,Seymour
Vanessa,923,Vergil
Alta,924,Guillaume
Viole,925,Brear
Milly,926,Hadria
Fonzie,927,Ardelia
Duffy,928,Sabine
Vaughan,929,Magdalena
Geoff,930,Yvonne
Bili,931,Feliks
Slade,932,Malva
Nonna,933,Giffard
Nollie,934,Lotti
Gloriane,935,Jessi
Pris,936,Jena
Henriette,937,Worthington
Tamqrah,938,Aviva
Brande,939,Nicolina
Gennie,940,Wald
Trevor,941,Theo
Gerry,942,Alvie
Marne,943,Teodora
Sue,944,Udale
Lou,945,Elita
Tobi,946,Deloria
See,947,Casey
Ferdinande,948,Pauly
Abigale,949,Dino
Dina,950,Emma
Celisse,951,Abdel
Melany,952,Byrom
Dani,953,Kori
Amandi,954,Bobinette
Geralda,955,Shandeigh
Caroljean,956,Emmaline
Deeanne,957,Sabine
Bald,958,Eleni
Uri,959,Yance
Pail,960,Rubia
Agata,961,Cordie
Brennen,962,Flossie
Julian,963,Trumaine
Frannie,964,Tanney
Paolina,965,Alleyn
Roanne,966,Jarret
Dillon,967,Ashlen
Flinn,968,Jamil
Philis,969,Lora
Tully,970,Barny
Gwenette,971,Kamillah
Howie,972,Daveta
Berk,973,Sharia
Pier,974,Joane
Amara,975,Ezequiel
Witty,976,Vivi
Ezekiel,977,Teodoor
Harmony,978,Jared
Cyrill,979,Benjy
Care,980,Glad
Danell,981,Salome
Lon,982,Arielle
Lira,983,Shaun
Meggy,984,Ethe
Ginevra,985,Lindy
Humberto,986,Nellie
Nelson,987,Oswell
Marysa,988,Allie
Mitchael,989,Jeane
Stepha,990,Carce
Abran,991,Yetta
Elvin,992,Vin
Roch,993,Nikki
Robbyn,994,Filberto
Fairleigh,995,Menard
Doretta,996,Lorrin
Gregorius,997,Aura
Layton,998,Yetty
Sherye,999,Abner
Euell,1000,Bessie
